,id,italiano,lingue,formazione,linguaggi,framework,software,extrascore,oldscore,categoria,score
0,0,1,0.5,2,1.0,1.0,1.0,0.8,0.6,0,10.0
1,4,1,0.42857142857142855,1,1.0,1.0,1.0,0.19047619047619047,0.05555555555555555,0,0.0
2,3,1,0.2857142857142857,1,1.0,1.0,1.0,0.14285714285714285,0.3333333333333333,0,2.0
3,3,1,0.2857142857142857,1,1.0,1.0,1.0,0.14285714285714285,0.3333333333333333,0,0.0
